player_id,player_name,team,position,season,fantasy_total
3916387,Lamar Jackson,BAL,QB,2024,430.38
4362628,Ja'Marr Chase,CIN,WR,2024,403.0
3918298,Josh Allen,BUF,QB,2024,379.04
3915511,Joe Burrow,CIN,QB,2024,372.82
3052587,Baker Mayfield,TB,QB,2024,365.8
4429795,Jahmyr Gibbs,DET,RB,2024,362.9
4426348,Jayden Daniels,WSH,QB,2024,355.82
3929630,Saquon Barkley,PHI,RB,2024,355.3
4430807,Bijan Robinson,ATL,RB,2024,341.7
3043078,Derrick Henry,BAL,RB,2024,336.4
3046779,Jared Goff,DET,QB,2024,324.46
4262921,Justin Jefferson,MIN,WR,2024,317.48
4426338,Bo Nix,DEN,QB,2024,317.2
4374302,Amon-Ra St. Brown,DET,WR,2024,316.18
4040715,Jalen Hurts,PHI,QB,2024,315.12
3912547,Sam Darnold,SEA,QB,2024,307.96
4429160,De'Von Achane,MIA,RB,2024,299.9
3917315,Kyler Murray,ARI,QB,2024,297.24
4047365,Josh Jacobs,GB,RB,2024,293.1
4038941,Justin Herbert,LAC,QB,2024,285.4
4432773,Brian Thomas Jr.,JAX,WR,2024,284.0
3139477,Patrick Mahomes,KC,QB,2024,283.02
4426502,Drake London,ATL,WR,2024,280.8
4595348,Malik Nabers,NYG,WR,2024,273.6
4430737,Kyren Williams,LAR,RB,2024,272.1
3121422,Terry McLaurin,WSH,WR,2024,267.8
4361741,Brock Purdy,SF,QB,2024,266.86
4379399,James Cook,BUF,RB,2024,266.7
15864,Geno Smith,LV,QB,2024,266.0
3054850,Alvin Kamara,NO,RB,2024,265.3
4241389,CeeDee Lamb,DAL,WR,2024,263.4
4432665,Brock Bowers,LV,TE,2024,262.7
8439,Aaron Rodgers,FA,QB,2024,256.58
4362238,Chase Brown,CIN,RB,2024,255.0
4431611,Caleb Williams,CHI,QB,2024,254.54
3045147,James Conner,ARI,RB,2024,253.8
4430878,Jaxon Smith-Njigba,SEA,WR,2024,253.0
4569618,Garrett Wilson,NYJ,WR,2024,251.9
4361307,Trey McBride,ARI,TE,2024,249.8
4242335,Jonathan Taylor,IND,RB,2024,244.7
4596448,Bucky Irving,TB,RB,2024,244.4
3042519,Aaron Jones,MIN,RB,2024,241.6
4241416,Chuba Hubbard,CAR,RB,2024,241.6
16800,Davante Adams,LAR,WR,2024,241.3
4427366,Breece Hall,NYJ,RB,2024,240.9
4241463,Jerry Jeudy,CLE,WR,2024,240.9
4612826,Ladd McConkey,LAC,WR,2024,240.9
3116385,Joe Mixon,HOU,RB,2024,240.5
16737,Mike Evans,TB,WR,2024,240.4
3128429,Courtland Sutton,DEN,WR,2024,240.3
3915416,DJ Moore,CHI,WR,2024,238.1
3040151,George Kittle,SF,TE,2024,236.6
4036378,Jordan Love,GB,QB,2024,233.86
3054212,Jonnu Smith,MIA,TE,2024,222.3
4239993,Tee Higgins,CIN,WR,2024,222.1
4035538,David Montgomery,DET,RB,2024,221.72
4432577,C.J. Stroud,HOU,QB,2024,220.38
3116406,Tyreek Hill,MIA,WR,2024,218.2
3916433,Jakobi Meyers,LV,WR,2024,218.0
4047646,A.J. Brown,PHI,WR,2024,216.9
12483,Matthew Stafford,LAR,QB,2024,214.58
4259545,D'Andre Swift,CHI,RB,2024,214.5
4429205,Jordan Addison,MIN,WR,2024,212.5
4426388,Jameson Williams,DET,WR,2024,212.2
4258173,Nico Collins,HOU,WR,2024,210.6
3886598,Jauan Jennings,SF,WR,2024,210.5
4429615,Zay Flowers,BAL,WR,2024,209.5
4426515,Puka Nacua,LAR,WR,2024,206.6
4241457,Najee Harris,LAC,RB,2024,204.6
3916148,Tony Pollard,TEN,RB,2024,200.7
4697815,Rachaad White,TB,RB,2024,199.6
4241478,DeVonta Smith,PHI,WR,2024,199.4
3925357,Calvin Ridley,TEN,WR,2024,199.2
4038815,Rico Dowdle,CAR,RB,2024,197.8
4362249,Jayden Reed,GB,WR,2024,197.0
4432708,Marvin Harrison Jr.,ARI,WR,2024,196.5
15847,Travis Kelce,KC,TE,2024,195.4
4685720,Bryce Young,CAR,QB,2024,195.02
4040655,Darnell Mooney,ATL,WR,2024,193.2
4241985,J.K. Dobbins,LAC,RB,2024,191.8
4047650,DK Metcalf,PIT,WR,2024,191.2
3116365,Mark Andrews,BAL,TE,2024,188.8
17372,Chris Boswell,PIT,K,2024,188.0
4683062,Xavier Worthy,KC,WR,2024,187.2
3953687,Brandon Aubrey,DAL,K,2024,187.0
4426385,Zach Charbonnet,SEA,RB,2024,186.9
15818,Keenan Allen,CHI,WR,2024,184.4
4688813,Josh Downs,IND,WR,2024,183.5
4569587,Wan'Dale Robinson,NYG,WR,2024,182.7
4373678,Khalil Shakir,BUF,WR,2024,182.5
4360516,Tyrone Tracy Jr.,NYG,RB,2024,182.3
4241479,Tua Tagovailoa,MIA,QB,2024,181.58
4567048,Kenneth Walker III,SEA,RB,2024,181.2
15835,Zach Ertz,WSH,TE,2024,177.4
4431452,Drake Maye,NE,QB,2024,177.14
14880,Kirk Cousins,ATL,QB,2024,176.32
4362081,Cameron Dicker,LAC,K,2024,176.0
4569173,Rhamondre Stevenson,NE,RB,2024,175.9
2977187,Cooper Kupp,SEA,WR,2024,175.0
4429025,Quentin Johnston,LAC,WR,2024,174.7
4430027,Sam LaPorta,DET,TE,2024,174.6
4360939,Rashod Bateman,BAL,WR,2024,174.6
14881,Russell Wilson,PIT,QB,2024,172.78
4361411,Pat Freiermuth,PIT,TE,2024,168.3
2971573,Ka'imi Fairbairn,HOU,K,2024,166.0
-16007,Broncos D/ST,DEN,DST,2024,166.0
4035687,Michael Pittman Jr.,IND,WR,2024,165.8
4426354,George Pickens,PIT,WR,2024,164.4
4429084,Anthony Richardson,IND,QB,2024,163.36
4572680,Tucker Kraft,GB,TE,2024,163.3
3150744,Chase McLaughlin,TB,K,2024,162.0
3124679,Jason Sanders,MIA,K,2024,162.0
4360078,Alec Pierce,IND,WR,2024,161.4
4241474,Brian Robinson Jr.,WSH,RB,2024,159.8
4689936,Jake Bates,DET,K,2024,158.0
4361579,Javonte Williams,DAL,RB,2024,157.9
2985659,Wil Lutz,DEN,K,2024,157.0
3059915,Kareem Hunt,KC,RB,2024,155.4
3126486,Deebo Samuel Sr.,WSH,WR,2024,153.6
-16016,Vikings D/ST,MIN,DST,2024,152.0
4249417,Jalen Tolbert,DAL,WR,2024,152.0
16757,Derek Carr,NO,QB,2024,150.9
4372016,Jaylen Waddle,MIA,WR,2024,149.6
3123076,David Njoku,CLE,TE,2024,148.5
4427095,DeMario Douglas,NE,WR,2024,147.7
15795,DeAndre Hopkins,BAL,WR,2024,147.0
3046439,Hunter Henry,NE,TE,2024,145.4
4360310,Trevor Lawrence,JAX,QB,2024,145.2
4431299,Rome Odunze,CHI,WR,2024,144.9
3917232,Tyler Bass,BUF,K,2024,142.0
3116164,Mike Gesicki,CIN,TE,2024,141.5
4243331,Cade Otton,TB,TE,2024,140.6
3728262,Ray-Ray McCloud III,ATL,WR,2024,140.5
-16009,Packers D/ST,GB,DST,2024,140.0
4366031,Tank Dell,HOU,WR,2024,140.0
16460,Adam Thielen,CAR,WR,2024,139.5
3051909,Daniel Carlson,LV,K,2024,139.0
-16034,Texans D/ST,HOU,DST,2024,139.0
-16021,Eagles D/ST,PHI,DST,2024,138.0
3116165,Chris Godwin,TB,WR,2024,137.8
4048244,Alexander Mattison,MIA,RB,2024,137.4
2473037,Jason Myers,SEA,K,2024,136.0
3929785,Nick Westbrook-Ikhine,MIA,WR,2024,135.7
4430834,Jalen McMillan,TB,WR,2024,135.4
3917792,Daniel Jones,IND,QB,2024,135.3
15683,Justin Tucker,BAL,K,2024,135.0
-16023,Steelers D/ST,PIT,DST,2024,135.0
4372019,Jerome Ford,CLE,RB,2024,134.0
3050478,Jake Elliott,PHI,K,2024,133.0
4249087,Matt Gay,IND,K,2024,133.0
3068267,Austin Ekeler,WSH,RB,2024,132.3
4361432,Romeo Doubs,GB,WR,2024,132.1
4360248,Kyle Pitts,ATL,TE,2024,131.2
2969939,Jameis Winston,CLE,QB,2024,131.14
4239996,Travis Etienne Jr.,JAX,RB,2024,130.2
4566192,Joshua Karty,LAR,K,2024,130.0
4686472,Marvin Mims Jr.,DEN,WR,2024,129.5
4428718,Tre Tucker,LV,WR,2024,129.3
4429013,Tank Bigsby,JAX,RB,2024,129.0
4038441,Justice Hill,BAL,RB,2024,127.1
4259619,Blake Grupe,NO,K,2024,127.0
3128390,Allen Lazard,NYJ,WR,2024,126.0
2576336,Ameer Abdullah,LV,RB,2024,125.2
4430034,Xavier Legette,CAR,WR,2024,125.1
4567104,Will Reichard,MIN,K,2024,125.0
4360761,Michael Wilson,ARI,WR,2024,124.5
4569987,Jaylen Warren,PIT,RB,2024,124.1
4686361,Cam Little,JAX,K,2024,124.0
4361050,Isaiah Likely,BAL,TE,2024,123.7
3043116,Demarcus Robinson,SF,WR,2024,123.5
3929645,Juwan Johnson,NO,TE,2024,122.8
2976499,Amari Cooper,BUF,WR,2024,122.7
2976212,Stefon Diggs,HOU,WR,2024,121.92
3915486,Tyler Conklin,NYJ,TE,2024,121.9
4429022,Kayshon Boutte,NE,WR,2024,121.9
4363538,Chad Ryland,ARI,K,2024,121.0
-16026,Seahawks D/ST,SEA,DST,2024,121.0
2577327,Tyler Lockett,FA,WR,2024,121.0
-16002,Bills D/ST,BUF,DST,2024,121.0
4372414,Elijah Moore,CLE,WR,2024,120.9
4258595,Cole Kmet,CHI,TE,2024,120.4
4361418,Will Levis,TEN,QB,2024,119.94
4368003,Andrei Iosivas,CIN,WR,2024,119.9
4362887,Justin Fields,NYJ,QB,2024,119.14
4243389,Calvin Austin III,PIT,WR,2024,118.8
3117256,Dalton Schultz,HOU,TE,2024,118.2
-16024,Chargers D/ST,LAC,DST,2024,117.0
2577417,Dak Prescott,DAL,QB,2024,116.52
4429501,Ray Davis,BUF,RB,2024,116.1
4360569,Jordan Mason,MIN,RB,2024,115.0
3124084,Joey Slye,NE,K,2024,114.0
4428557,Tyjae Spears,TEN,RB,2024,113.6
4360635,Chig Okonkwo,TEN,TE,2024,113.6
4240472,Noah Gray,KC,TE,2024,113.3
3917914,Olamide Zaccheaus,CHI,WR,2024,112.4
3821683,Austin Seibert,WSH,K,2024,112.0
4635008,Keon Coleman,BUF,WR,2024,111.5
3049899,Younghoe Koo,ATL,K,2024,111.0
4428850,Dontayvion Wicks,GB,WR,2024,110.5
3127292,Will Dissly,LAC,TE,2024,110.1
3916945,Darius Slayton,NYG,WR,2024,110.0
2972515,Cooper Rush,BAL,QB,2024,109.56
3043275,Austin Hooper,NE,TE,2024,108.6
4372066,Jake Moody,SF,K,2024,108.0
4242433,Joshua Palmer,BUF,WR,2024,107.4
10621,Nick Folk,TEN,K,2024,107.0
4569559,Devaughn Vele,DEN,WR,2024,106.5
4373626,Tyler Allgeier,ATL,RB,2024,106.2
-16033,Ravens D/ST,BAL,DST,2024,106.0
4248528,Christian Watson,GB,WR,2024,105.3
17427,Cairo Santos,CHI,K,2024,105.0
4242355,Jake Ferguson,DAL,TE,2024,104.4
3676833,KaVontae Turpin,DAL,WR,2024,104.2
4036131,Noah Fant,SEA,TE,2024,104.0
3121023,Dallas Goedert,PHI,TE,2024,103.6
4360294,Antonio Gibson,NE,RB,2024,103.4
3843945,Foster Moreau,NO,TE,2024,103.3
4034949,Eddy Pineiro,CAR,K,2024,103.0
4382466,Jalen Nailor,MIN,WR,2024,103.0
2468609,Taysom Hill,NO,TE,2024,102.34
-16014,Rams D/ST,LAR,DST,2024,101.0
4385690,Dalton Kincaid,BUF,TE,2024,100.8
-16008,Lions D/ST,DET,DST,2024,100.0
11252,Joe Flacco,IND,QB,2024,99.04
4360797,Tutu Atwell,LAR,WR,2024,98.9
2991662,Mack Hollins,NE,WR,2024,98.8
16339,Brandon McManus,GB,K,2024,98.0
-16012,Chiefs D/ST,KC,DST,2024,98.0
4722893,Jaleel McLaughlin,DEN,RB,2024,97.2
4432620,Parker Washington,JAX,WR,2024,97.0
4040761,Devin Singletary,NYG,RB,2024,96.6
4038524,Gardner Minshew,KC,QB,2024,96.32
4241464,Mac Jones,SF,QB,2024,96.08
4887558,Emanuel Wilson,GB,RB,2024,96.0
3055899,Harrison Butker,KC,K,2024,96.0
3116407,Mason Rudolph,PIT,QB,2024,95.8
-16003,Bears D/ST,CHI,DST,2024,95.0
4372561,Isaac Guerendo,SF,RB,2024,94.2
4428209,Ricky Pearsall,SF,WR,2024,93.5
4260394,Aidan O'Connell,LV,QB,2024,93.48
4240021,Cam Akers,MIN,RB,2024,93.2
-16004,Bengals D/ST,CIN,DST,2024,93.0
4695883,Jalen Coker,CAR,WR,2024,92.56
-16006,Cowboys D/ST,DAL,DST,2024,92.0
3915411,Ty Johnson,BUF,RB,2024,91.7
4430539,Brenton Strange,JAX,TE,2024,91.1
-16027,Buccaneers D/ST,TB,DST,2024,91.0
3128452,Jordan Akins,CLE,TE,2024,91.0
3134353,Tim Patrick,DET,WR,2024,90.4
4037235,Greg Dortch,ARI,WR,2024,90.3
3051876,Evan Engram,DEN,TE,2024,89.5
3932905,Diontae Johnson,BAL,WR,2024,89.1
-16020,Jets D/ST,NYJ,DST,2024,89.0
4360234,Evan McPherson,CIN,K,2024,88.0
-16022,Cardinals D/ST,ARI,DST,2024,88.0
4036133,T.J. Hockenson,MIN,TE,2024,86.5
3121409,Noah Brown,WSH,WR,2024,86.3
-16015,Dolphins D/ST,MIA,DST,2024,86.0
4685247,Braelon Allen,NYJ,RB,2024,85.2
4212909,David Moore,CAR,WR,2024,85.1
3051738,Marquez Valdes-Scantling,SEA,WR,2024,84.5
-16001,Falcons D/ST,ATL,DST,2024,84.0
-16025,49ers D/ST,SF,DST,2024,84.0
-16028,Commanders D/ST,WSH,DST,2024,83.0
4035676,Zack Moss,CIN,RB,2024,81.9
3116389,Samaje Perine,CIN,RB,2024,81.4
4369863,Cedric Tillman,CLE,WR,2024,80.4
2976592,Sterling Shepard,TB,WR,2024,80.3
3924327,Drew Lock,NYG,QB,2024,80.14
4032473,Rashid Shaheed,NO,WR,2024,79.8
4576297,AJ Barner,SEA,TE,2024,78.5
3045144,Tyler Boyd,TEN,WR,2024,78.3
4426386,Roschon Johnson,CHI,RB,2024,77.4
4045163,Miles Sanders,DAL,RB,2024,77.3
-16019,Giants D/ST,NYG,DST,2024,77.0
3122840,Deshaun Watson,CLE,QB,2024,76.72
4361370,Chris Olave,NO,WR,2024,76.7
15965,Dustin Hopkins,CLE,K,2024,75.0
-16011,Colts D/ST,IND,DST,2024,74.0
4431588,Ja'Tavion Sanders,CAR,TE,2024,73.2
-16010,Titans D/ST,TEN,DST,2024,71.0
2576414,Raheem Mostert,LV,RB,2024,70.9
3895856,Christian Kirk,HOU,WR,2024,70.9
-16005,Browns D/ST,CLE,DST,2024,70.0
16731,Brandin Cooks,DAL,WR,2024,69.6
4430871,Sean Tucker,TB,RB,2024,68.7
4429148,Theo Johnson,NYG,TE,2024,68.1
4361577,Dyami Brown,JAX,WR,2024,67.4
4426339,Spencer Rattler,NO,QB,2024,67.28
4431280,Troy Franklin,DEN,WR,2024,67.1
-16013,Raiders D/ST,LV,DST,2024,67.0
-16018,Saints D/ST,NO,DST,2024,66.0
3921690,Josh Oliver,MIN,TE,2024,65.8
4242557,Colby Parkinson,LAR,TE,2024,65.4
3045523,Kendrick Bourne,NE,WR,2024,65.1
4428331,Rashee Rice,KC,WR,2024,64.9
4039057,Lil'Jordan Humphrey,DEN,WR,2024,64.3
3051926,Gus Edwards,FA,RB,2024,64.1
3127586,Jeremy McNichols,WSH,RB,2024,63.8
3121427,Curtis Samuel,BUF,WR,2024,63.7
3930066,Van Jefferson,TEN,WR,2024,63.6
3128720,Nick Chubb,CLE,RB,2024,63.3
3118892,Justin Watson,HOU,WR,2024,62.9
4371733,Kenneth Gainwell,PIT,RB,2024,62.6
4360438,Brandon Aiyuk,SF,WR,2024,62.4
3975763,Greg Joseph,NYJ,K,2024,62.0
2310331,Tyler Johnson,LAR,WR,2024,61.1
4360086,Josh Whyle,TEN,TE,2024,60.8
4035671,Tyler Huntley,MIA,QB,2024,60.66
4242519,Anders Carlson,NYJ,K,2024,60.0
4241374,Grant Calcaterra,PHI,TE,2024,59.8
3930086,Dawson Knox,BUF,TE,2024,59.1
14012,Andy Dalton,CAR,QB,2024,58.96
16002,Kyle Juszczyk,SF,RB,2024,57.6
3051392,Ezekiel Elliott,FA,RB,2024,57.5
4372096,Luke Schoonmaker,DAL,TE,2024,57.1
4361529,Isiah Pacheco,KC,RB,2024,56.9
3045138,Mike Williams,LAC,WR,2024,56.8
2973405,Kalif Raymond,DET,WR,2024,56.5
4372780,Tommy Tremble,CAR,TE,2024,56.4
2983509,Dare Ogunbowale,HOU,RB,2024,56.0
4567096,John Metchie III,HOU,WR,2024,55.4
3128444,Matthew Wright,CAR,K,2024,55.0
4569603,Malik Washington,MIA,WR,2024,54.8
4362478,Emari Demercado,ARI,RB,2024,54.7
4243537,Gabe Davis,JAX,WR,2024,53.9
4241401,Trey Sermon,IND,RB,2024,53.8
4597500,Adonai Mitchell,IND,WR,2024,53.76
3120348,JuJu Smith-Schuster,KC,WR,2024,53.1
4361765,Brayden Narveson,FA,K,2024,53.0
4569382,Jordan Whittington,LAR,WR,2024,52.5
4242512,Malik Willis,GB,QB,2024,51.8
4036335,Cedrick Wilson Jr.,NO,WR,2024,49.94
4426844,Elijah Higgins,ARI,TE,2024,49.2
2971618,Nelson Agholor,BAL,WR,2024,49.1
4569682,Audric Estime,DEN,RB,2024,48.7
2576399,Nick Vannett,TEN,TE,2024,48.5
12460,Graham Gano,NYG,K,2024,48.0
-16017,Patriots D/ST,NE,DST,2024,48.0
3117251,Christian McCaffrey,SF,RB,2024,47.8
4036211,DJ Turner,LV,WR,2024,47.1
4429275,Trey Benson,ARI,RB,2024,47.0
4695404,Isaiah Davis,NYJ,RB,2024,45.9
2576980,Marcus Mariota,WSH,QB,2024,45.76
2578570,Jacoby Brissett,ARI,QB,2024,45.24
3052096,Johnny Mundt,JAX,TE,2024,45.2
4051167,John Parker Romo,NE,K,2024,45.0
4430802,Darnell Washington,PIT,TE,2024,45.0
4429676,Tyler Goodson,IND,RB,2024,44.4
4360423,Michael Penix Jr.,ATL,QB,2024,44.1
3911853,Adam Trautman,DEN,TE,2024,43.8
4360238,Dameon Pierce,HOU,RB,2024,43.5
4383440,Nate Adkins,DEN,TE,2024,43.5
3149687,Chris Brooks,GB,RB,2024,42.2
4428963,Cade York,CIN,K,2024,42.0
4361409,Jahan Dotson,PHI,WR,2024,41.9
4362477,Derius Davis,LAC,WR,2024,40.1
3050481,Tanner Hudson,CIN,TE,2024,38.5
3115306,Josh Reynolds,FA,WR,2024,38.4
15880,Robert Woods,HOU,WR,2024,38.3
15807,Cordarrelle Patterson,PIT,RB,2024,37.5
2980453,Jamaal Williams,FA,RB,2024,37.1
4369466,Ryan Miller,TB,WR,2024,36.8
4429086,Michael Mayer,LV,TE,2024,36.6
3127310,Drew Sample,CIN,TE,2024,36.5
4241424,Tylan Wallace,BAL,WR,2024,36.3
3043234,Zane Gonzalez,WSH,K,2024,36.0
-16030,Jaguars D/ST,JAX,DST,2024,36.0
3139602,D'Ernest Johnson,JAX,RB,2024,35.9
4427834,Erick All Jr.,CIN,TE,2024,35.8
4240657,Michael Carter,ARI,RB,2024,35.8
4692835,Jalen Brooks,DAL,WR,2024,35.7
4426407,Trey Palmer,TB,WR,2024,35.2
4249836,Pierre Strong Jr.,CLE,RB,2024,35.2
14993,Greg Zuerlein,NYJ,K,2024,35.0
4242392,Brock Wright,DET,TE,2024,35.0
4426948,Luke McCaffrey,WSH,WR,2024,34.8
4250764,Stone Smartt,NYJ,TE,2024,34.8
4372505,Payne Durham,TB,TE,2024,34.5
4426496,Cade Stover,HOU,TE,2024,34.3
4360231,Lucas Krull,DEN,TE,2024,34.2
4429096,Blake Corum,LAR,RB,2024,33.5
4035004,Mecole Hardman,KC,WR,2024,33.2
11122,Matt Prater,FA,K,2024,33.0
4372071,Hassan Haskins,LAC,RB,2024,32.8
4430637,Ja'Lynn Polk,NE,WR,2024,32.7
4430968,Kimani Vidal,LAC,RB,2024,32.7
2998565,Mo Alie-Cox,IND,TE,2024,32.7
3125116,D'Onta Foreman,CLE,RB,2024,32.6
4039160,Kylen Granson,PHI,TE,2024,32.2
4426485,Jonathan Mingo,DAL,WR,2024,32.2
3047876,KhaDarel Hodge,ATL,WR,2024,32.1
3127306,Dante Pettis,NO,WR,2024,32.0
4689334,Malik Heath,GB,WR,2024,31.7
4035886,Khalil Herbert,IND,RB,2024,31.5
4362619,Chris Rodriguez Jr.,WSH,RB,2024,31.5
3044720,Joshua Dobbs,NE,QB,2024,30.84
4039358,Patrick Taylor Jr.,SF,RB,2024,29.8
4360405,Jake Bobo,SEA,WR,2024,29.7
4361777,Zamir White,LV,RB,2024,29.3
2515270,Michael Burton,DEN,RB,2024,29.3
4599739,Kendre Miller,NO,RB,2024,29.1
4685201,Tanner McKee,PHI,QB,2024,28.82
3928925,JaMycal Hasty,NE,RB,2024,28.8
4361372,Jeremy Ruckert,NYJ,TE,2024,28.5
4242431,Ty Chandler,MIN,RB,2024,28.4
4241263,Charlie Kolar,BAL,TE,2024,28.3
4430104,Sincere McCormick,LV,RB,2024,27.2
4372758,Kevin Austin Jr.,NO,WR,2024,27.0
4243371,Riley Patterson,FA,K,2024,27.0
4383396,Hunter Luepke,DAL,RB,2024,26.9
4427985,Bub Means,NO,WR,2024,26.8
2975863,Eric Saubert,SF,TE,2024,26.7
4682745,Jaylen Wright,MIA,RB,2024,26.7
2573401,Tyler Higbee,LAR,TE,2024,26.6
4361516,Daniel Bellinger,NYG,TE,2024,26.5
3917668,Alec Ingold,MIA,RB,2024,26.3
2576716,Jamison Crowder,WSH,WR,2024,26.2
4243004,Jordan Mims,NO,RB,2024,26.1
4571557,Spencer Shrader,IND,K,2024,26.0
4722908,Drew Ogletree,IND,TE,2024,25.9
4240703,Kenny Pickett,CLE,QB,2024,25.14
4573697,Mason Tipton,NO,WR,2024,23.9
4714365,Carson Steele,KC,RB,2024,23.9
4686422,Xavier Hutchinson,HOU,WR,2024,23.7
4259305,Bo Melton,GB,WR,2024,22.5
4427391,Kenny McIntosh,SEA,RB,2024,22.4
3122168,Trent Sherfield Sr.,DEN,WR,2024,22.3
4365395,Julian Hill,MIA,TE,2024,22.0
4239086,Desmond Ridder,LV,QB,2024,21.92
4429006,Rakim Jarrett,TB,WR,2024,21.4
4240631,DeeJay Dallas,ARI,RB,2024,21.0
4421446,Craig Reynolds,DET,RB,2024,20.9
14163,Tyrod Taylor,NYJ,QB,2024,20.06
16760,Jimmy Garoppolo,LAR,QB,2024,19.86
4360698,Joe Milton III,NE,QB,2024,19.24
4039050,Devin Duvernay,FA,WR,2024,19.2
4061956,Ashton Dulin,IND,WR,2024,19.2
4040612,Luke Farrell,SF,TE,2024,18.7
3916566,K.J. Osborn,WSH,WR,2024,18.7
4243003,Ronnie Rivers,LAR,RB,2024,18.3
5083754,Ryan Flournoy,DAL,WR,2024,18.2
4241372,Hollywood Brown,KC,WR,2024,18.1
4360967,Brevyn Spann-Ford,DAL,TE,2024,17.8
4428532,Ainias Smith,PHI,WR,2024,17.7
4040774,Harrison Bryant,PHI,TE,2024,17.6
4570561,Eric Gray,NYG,RB,2024,17.3
2975417,Patrick Ricard,BAL,RB,2024,17.2
4362018,Blake Whiteheart,CLE,TE,2024,17.1
4360739,Simi Fehoko,ARI,WR,2024,16.6
3059722,Zay Jones,ARI,WR,2024,16.4
4241961,Connor Heyward,PIT,TE,2024,16.0
2508256,MyCole Pruitt,PIT,TE,2024,16.0
4367178,Dorian Thompson-Robinson,PHI,QB,2024,15.8
4044144,Kenny Yeboah,DET,TE,2024,15.7
4431545,Will Shipley,PHI,RB,2024,15.7
4362617,Bryce Oliver,TEN,WR,2024,15.5
3924365,Hayden Hurst,LAC,TE,2024,15.3
3039707,Mitchell Trubisky,BUF,QB,2024,15.26
3121410,Parris Campbell,DAL,WR,2024,15.0
4686104,Johnny Wilson,PHI,WR,2024,14.8
4241802,Jalen Reagor,LAC,WR,2024,14.7
4429033,Jermaine Burton,CIN,WR,2024,14.7
4244049,Quintin Morris,BUF,TE,2024,14.6
16733,Odell Beckham Jr.,FA,WR,2024,14.5
4427278,Xavier Gipson,NYJ,WR,2024,14.4
4048228,John Bates,WSH,TE,2024,14.4
3052897,Durham Smythe,CHI,TE,2024,14.3
2580216,DeAndre Carter,CHI,WR,2024,14.2
4692590,Jalin Hyatt,NYG,WR,2024,14.2
3115255,Brandon Powell,MIN,WR,2024,14.1
3045169,Tim Boyle,NYG,QB,2024,13.94
4241476,Tyrell Shavers,BUF,WR,2024,13.9
4361112,Devin Culp,TB,TE,2024,13.8
4690923,Ben Sinnott,WSH,TE,2024,13.8
2578533,Chris Conley,SF,WR,2024,13.6
3052056,River Cracraft,MIA,WR,2024,13.6
4012556,C.J. Ham,MIN,RB,2024,13.5
4360174,Michael Woods II,CLE,WR,2024,13.5
4240391,Tommy DeVito,NYG,QB,2024,13.48
4367567,Julius Chestnut,TEN,RB,2024,13.3
4243322,Jake Haener,NO,QB,2024,13.24
3115394,DJ Chark Jr.,LAC,WR,2024,13.1
4239944,Hunter Long,JAX,TE,2024,13.0
4383351,Trey Lance,DAL,QB,2024,12.74
2971281,Pharaoh Brown,MIA,TE,2024,12.5
2531358,Chris Manhertz,NYG,TE,2024,12.0
3914397,Scotty Miller,PIT,WR,2024,11.9
4035656,Ben Skowronek,PIT,WR,2024,11.9
4245144,Tay Martin,TEN,WR,2024,11.9
4431453,Deuce Vaughn,DAL,RB,2024,11.8
3918639,Gerald Everett,FA,TE,2024,11.6
4035020,Charlie Woerner,ATL,TE,2024,11.6
4046676,Tony Jones Jr.,FA,RB,2024,11.5
4428085,Luke Musgrave,GB,TE,2024,11.5
4242558,Tucker Fisk,LAC,TE,2024,10.9
4243160,Laviska Shenault Jr.,BUF,WR,2024,10.7
4575665,Jacob Cowing,SF,WR,2024,10.7
3122976,Jeff Wilson Jr.,MIA,RB,2024,10.6
3926231,Britain Covey,PHI,WR,2024,10.4
4258248,Peyton Hendershot,KC,TE,2024,10.1
4242214,Clyde Edwards-Helaire,NO,RB,2024,10.0
4426553,Davis Allen,LAR,TE,2024,9.9
3910176,Kristian Wilkerson,LV,WR,2024,9.8
4696700,Tip Reiman,ARI,TE,2024,9.7
4242546,Davis Mills,HOU,QB,2024,9.58
4362748,Tyler Badie,DEN,RB,2024,9.4
4696882,Devontez Walker,BAL,WR,2024,9.1
-16029,Panthers D/ST,CAR,DST,2024,9.0
4362921,Tyquan Thornton,KC,WR,2024,8.7
2574511,Brandon Allen,TEN,QB,2024,8.46
4373030,Ben Sims,GB,TE,2024,8.2
4912274,Sione Vaki,DET,RB,2024,8.1
4259308,Raheem Blackshear,CAR,RB,2024,8.0
4036419,Skylar Thompson,PIT,QB,2024,7.88
4700712,Cam Grandy,CIN,TE,2024,7.8
4367209,Greg Dulcich,NYG,TE,2024,7.8
4248557,E.J. Jenkins,PHI,TE,2024,7.7
4567156,Treylon Burks,TEN,WR,2024,7.5
4678008,Jonathon Brooks,CAR,RB,2024,7.5
4043016,Dee Eskridge,MIA,WR,2024,7.4
4362630,Terrace Marshall Jr.,LV,WR,2024,7.1
4245131,Tim Jones,JAX,WR,2024,7.1
4250360,Bailey Zappe,KC,QB,2024,7.0
4362523,Will Mallory,IND,TE,2024,6.9
4373684,Scott Matlock,LAC,,2024,6.8
4372716,Nikko Remigio,KC,WR,2024,6.8
4596334,Keaton Mitchell,BAL,RB,2024,6.8
3929637,Dan Chisena,CAR,WR,2024,6.7
4374187,Deven Thompkins,CAR,WR,2024,6.7
4037457,Travis Homer,CHI,RB,2024,6.4
4039607,J.J. Taylor,HOU,RB,2024,6.4
4241983,Cody White,SEA,WR,2024,6.4
4386544,Xavier Smith,LAR,WR,2024,6.2
3919510,Alex Bachman,LV,WR,2024,6.1
4240573,Ihmir Smith-Marsette,NYG,WR,2024,6.0
16799,Allen Robinson,DET,WR,2024,6.0
4035537,Kene Nwangwu,NYJ,RB,2024,6.0
4257188,Charlie Jones,CIN,WR,2024,6.0
4362227,Bryce Ford-Wheaton,NYG,WR,2024,6.0
3139033,Mike Boone,CAR,RB,2024,5.9
4570409,David Bell,CLE,WR,2024,5.7
4613104,Malachi Corley,NYJ,WR,2024,5.2
4428678,Jamari Thrash,CLE,WR,2024,5.2
4373634,Dallin Holker,NO,TE,2024,5.1
4240911,Jacob Kibodi,FA,RB,2024,4.9
2573079,Carson Wentz,KC,QB,2024,4.72
4047422,Tanner Conner,MIA,TE,2024,4.6
3931391,Trenton Irwin,FA,WR,2024,4.5
3914151,Josiah Deguara,JAX,TE,2024,4.4
4372063,Ronnie Bell,DET,WR,2024,4.2
4374033,Jermar Jefferson,FA,RB,2024,4.2
3116593,Dalvin Cook,FA,RB,2024,4.0
4429262,Jaheim Bell,NE,TE,2024,4.0
5092436,Jude McAtamney,NYG,K,2024,4.0
4244856,Austin Trammell,JAX,WR,2024,4.0
3916204,James Proche II,CLE,WR,2024,3.8
4045305,Ian Thomas,CAR,TE,2024,3.7
4057082,Mason Kinsey,TEN,WR,2024,3.7
4427600,Terrell Jennings,NE,RB,2024,3.3
4429684,Anthony Gould,IND,WR,2024,3.3
4361604,Blake Watson,DEN,RB,2024,3.3
4242540,Isaiah Hodgins,SF,WR,2024,3.2
4690013,Rasheen Ali,BAL,RB,2024,3.2
4429001,Jase McClellan,ATL,RB,2024,3.2
4608362,Shane Zylstra,DET,TE,2024,3.2
2565969,Taylor Heinicke,LAC,QB,2024,3.12
4879650,Grant DuBose,MIA,WR,2024,3.1
4034862,Jack Stoll,NO,TE,2024,3.0
2511973,Eric Tomlinson,FA,TE,2024,2.9
4429023,MarShawn Lloyd,GB,RB,2024,2.8
4362504,Brevin Jordan,HOU,TE,2024,2.7
4369886,Chris Blair,ATL,WR,2024,2.7
4240858,Hendon Hooker,DET,QB,2024,2.68
3050487,Anthony Miller,BAL,WR,2024,2.6
4569371,Isaiah Williams,CIN,WR,2024,2.6
4428796,Casey Washington,ATL,WR,2024,2.4
3886818,Myles Gaskin,FA,RB,2024,2.3
4034948,Feleipe Franks,CAR,TE,2024,2.2
4692022,Javon Baker,NE,WR,2024,2.2
4039274,Jonathan Ward,PIT,RB,2024,2.2
3040569,Trent Taylor,SF,WR,2024,2.1
4391845,Cody Schrader,LAR,RB,2024,1.9
4035198,Brandon Johnson,PIT,WR,2024,1.9
4429835,George Holani,SEA,RB,2024,1.9
4035776,Kendric Pryor,CIN,WR,2024,1.9
4698191,Chris Collier,LV,RB,2024,1.8
4248068,Aaron Shampklin,PIT,RB,2024,1.7
4430723,Jared Wiley,KC,TE,2024,1.7
4426399,Ramel Keyton,LV,WR,2024,1.7
3046704,Geoff Swaim,CLE,TE,2024,1.7
4242526,John Samuel Shenker,FA,TE,2024,1.7
4360978,David Martin-Robinson,TEN,TE,2024,1.6
4039043,Collin Johnson,CHI,WR,2024,1.6
4243830,Jaelon Darden,SEA,WR,2024,1.6
3052177,John Ross,FA,WR,2024,1.6
4746079,Zach Davidson,BUF,TE,2024,1.5
3120303,Ross Dwelley,FA,TE,2024,1.5
2574808,Robbie Chosen,FA,WR,2024,1.5
4565908,Tyler Scott,CHI,WR,2024,1.5
4408854,Jody Fortson,KC,TE,2024,1.5
3059989,Nick Mullens,JAX,QB,2024,1.32
4427575,Jha'Quan Jackson,TEN,WR,2024,1.3
4379401,John FitzPatrick,GB,TE,2024,1.2
9614,Marcedes Lewis,CHI,TE,2024,1.2
3051381,Mike White,BUF,QB,2024,1.12
5097554,Kameron Johnson,TB,WR,2024,1.1
4589248,Tyreik McAllister,LV,WR,2024,1.1
4035693,Velus Jones Jr.,CAR,RB,2024,0.9
4360763,Brycen Tremayne,CAR,WR,2024,0.8
11394,Josh Johnson,BAL,QB,2024,0.78
3115293,Kyle Allen,DET,QB,2024,0.76
4426475,Tyrion Davis-Price,PHI,RB,2024,0.7
3892775,Jarrett Stidham,DEN,QB,2024,0.7
4039505,Reggie Gilliam,BUF,RB,2024,0.7
4044111,Chris Oladokun,KC,QB,2024,0.5
3917612,Ke'Shawn Vaughn,FA,RB,2024,0.4
4240600,Kadarius Toney,FA,WR,2024,0.3
4036431,Darrynton Evans,BUF,RB,2024,0.3
4434153,Tyson Bagent,CHI,QB,2024,0.24
4360175,Clayton Tune,ARI,QB,2024,0.22
4034946,Kyle Trask,TB,QB,2024,0.2
4373273,British Brooks,HOU,RB,2024,0.2
3910544,Joshua Kelley,TEN,RB,2024,0.2
2514206,Blake Bell,FA,TE,2024,0.0
4422214,Trinity Benson,FA,WR,2024,0.0
3061612,Jamal Agnew,FA,WR,2024,0.0
4036026,Dez Fitzpatrick,LAC,WR,2024,0.0
4027873,Samori Toure,CHI,WR,2024,0.0
4035793,Quintez Cephus,LAR,WR,2024,0.0
3042910,Rashard Higgins,FA,WR,2024,0.0
3048897,Pharoh Cooper,FA,WR,2024,0.0
4035554,Landen Akers,FA,WR,2024,0.0
4038952,Hunter Kampmoyer,FA,TE,2024,0.0
3120980,Keelan Doss,FA,WR,2024,0.0
3886809,Andre Baccellia,ARI,WR,2024,0.0
4069806,Jason Moore,FA,WR,2024,0.0
4031033,Cade Johnson,FA,WR,2024,0.0
4258170,Tarik Black,MIA,WR,2024,0.0
4212884,Alex Armah,FA,RB,2024,0.0
14167,Taiwan Jones,FA,RB,2024,0.0
4250945,Colton Dowell,TEN,WR,2024,0.0
3929924,Zach Gentry,FA,TE,2024,0.0
4360406,Mataeo Durant,FA,RB,2024,0.0
4570106,Myron Mitchell,FA,WR,2024,0.0
15887,Ryan Griffin,FA,TE,2024,0.0
4367186,Chase Cota,FA,WR,2024,0.0
4244732,Caleb Huntley,FA,RB,2024,0.0
4040623,Austin Mack,FA,WR,2024,0.0
4390717,Josh Johnson,FA,RB,2024,0.0
3916587,Tyler Mabry,FA,TE,2024,0.0
4245645,Gary Brightwell,CIN,RB,2024,0.0
17315,Keith Smith,FA,RB,2024,0.0
2980077,Jonathan Williams,FA,RB,2024,0.0
2987440,Garrett Griffin,FA,TE,2024,0.0
3923392,Mitchell Wilcox,NE,TE,2024,0.0
2574591,Nick Boyle,FA,TE,2024,0.0
4240069,Malik Cunningham,BAL,WR,2024,0.0
3043841,Tanner Gentry,FA,WR,2024,0.0
3930900,Ben Ellefson,MIN,TE,2024,0.0
3046401,Keith Kirkwood,BAL,WR,2024,0.0
3042435,Kevin White,FA,WR,2024,0.0
2970726,Maxx Williams,FA,TE,2024,0.0
15839,Marquise Goodwin,FA,WR,2024,0.0
3895827,Ty'Son Williams,FA,RB,2024,0.0
17453,Cameron Brate,FA,TE,2024,0.0
4240455,Deon Jackson,FA,RB,2024,0.0
4034964,Tyrie Cleveland,FA,WR,2024,0.0
3125404,Jacob Hollister,FA,TE,2024,0.0
4429012,Kendall Milton,CIN,RB,2024,0.0
3917849,Lawrence Cager,WSH,TE,2024,0.0
16804,John Brown,FA,WR,2024,0.0
3915145,Kirk Merritt,FA,RB,2024,0.0
4572786,Dennis Houston,TB,WR,2024,0.0
4043158,T.J. Vasher,FA,WR,2024,0.0
4212989,Dan Arnold,FA,TE,2024,0.0
4589245,Mike Strachan,WSH,WR,2024,0.0
4248909,Elijah Dotson,ATL,RB,2024,0.0
4244651,D'vonte Price,FA,RB,2024,0.0
3127211,Patrick Laird,FA,RB,2024,0.0
4820592,Nate McCrary,FA,RB,2024,0.0
4241941,Anthony McFarland Jr.,FA,RB,2024,0.0
2572861,J.D. McKissic,FA,RB,2024,0.0
2979590,Jesse James,FA,TE,2024,0.0
3123944,Qadree Ollison,FA,RB,2024,0.0
4242270,Kyric McGowan,FA,WR,2024,0.0
17258,Willie Snead IV,FA,WR,2024,0.0
4362603,Brenden Bates,CLE,TE,2024,0.0
3699935,Devine Ozigbo,FA,RB,2024,0.0
4242896,Curtis Hodges,FA,TE,2024,0.0
4034704,Michael Bandy,DEN,WR,2024,0.0
4362452,Jaret Patterson,LAC,RB,2024,0.0
4038818,Bryan Edwards,FA,WR,2024,0.0
4427728,Zonovan Knight,ARI,RB,2024,0.0
15478,Brandon Bolden,FA,RB,2024,0.0
4035526,Chase Allen,FA,TE,2024,0.0
4038460,Dillon Stoner,FA,WR,2024,0.0
4054085,Dezmon Patmon,FA,WR,2024,0.0
3700815,Kendall Hinton,FA,WR,2024,0.0
4068152,Kawaan Baker,FA,WR,2024,0.0
4426893,Joshua Cephus,JAX,WR,2024,0.0
4429939,Jawhar Jordan,HOU,RB,2024,0.0
4372519,Jashaun Corbin,FA,RB,2024,0.0
3049698,Anthony Firkser,KC,TE,2024,0.0
4243319,Terrell Bynum,FA,WR,2024,0.0
4426426,Joseph Ngata,FA,WR,2024,0.0
4248425,Carlos Washington Jr.,ATL,RB,2024,0.0
4360802,Javian Hawkins,FA,RB,2024,0.0
3125232,Nick Bawden,FA,RB,2024,0.0
2970262,J.P. Holtz,FA,RB,2024,0.0
4258190,Ben Mason,FA,RB,2024,0.0
3122818,Tommy Sweeney,FA,TE,2024,0.0
4037311,Jalen Camp,FA,WR,2024,0.0
4241588,Elijah Cooks,PHI,WR,2024,0.0
3933568,Davion Davis,FA,WR,2024,0.0
4259805,Kylin Hill,FA,RB,2024,0.0
4360290,Brayden Willis,SF,TE,2024,0.0
3948283,Stephen Carlson,CHI,TE,2024,0.0
2973626,C.J. Board,FA,WR,2024,0.0
4274040,Troy Hairston,CLE,RB,2024,0.0
4040629,Antonio Williams,FA,RB,2024,0.0
4367175,Kyle Philips,LV,WR,2024,0.0
4428119,Lew Nichols,PHI,RB,2024,0.0
3115443,Cody Hollister,FA,WR,2024,0.0
3914328,Andy Isabella,FA,WR,2024,0.0
4242873,Eno Benjamin,FA,RB,2024,0.0
4260406,Zander Horvath,FA,RB,2024,0.0
4362186,Erik Ezukanma,MIA,WR,2024,0.0
4239768,Spencer Brown,FA,RB,2024,0.0
2972331,Mason Schreck,FA,TE,2024,0.0
2570986,Malcolm Brown,FA,RB,2024,0.0
3116158,Jason Cabinda,FA,RB,2024,0.0
4242504,Johnny Johnson III,HOU,WR,2024,0.0
4037591,Joe Reed,FA,WR,2024,0.0
4039307,Marquez Stevenson,FA,WR,2024,0.0
4259324,Travis Vokolek,ARI,TE,2024,0.0
3699902,Stanley Morgan Jr.,TEN,WR,2024,0.0
4046522,Devin Asiasi,FA,TE,2024,0.0
2977800,Alex Erickson,FA,WR,2024,0.0
3940587,Jesper Horsted,FA,TE,2024,0.0
3871102,David Sills V,ATL,WR,2024,0.0
4361438,Cole Turner,WSH,TE,2024,0.0
3929118,Jeff Smith,FA,WR,2024,0.0
4259979,Lynn Bowden Jr.,FA,WR,2024,0.0
4245174,Easop Winston Jr.,NYJ,WR,2024,0.0
4426364,Baylor Cupp,KC,TE,2024,0.0
4242212,Tory Carter,FA,RB,2024,0.0
4035019,Javon Wims,FA,WR,2024,0.0
4426990,Jalen Moreno-Cropper,DAL,WR,2024,0.0
4373642,Dax Milne,CAR,WR,2024,0.0
4040728,Trey Ragas,FA,RB,2024,0.0
3675550,Tommy Hudson,FA,TE,2024,0.0
3046399,Marcus Kemp,FA,WR,2024,0.0
3930298,Noah Togiai,FA,TE,2024,0.0
4047648,Tre Nixon,FA,WR,2024,0.0
4363409,Austin Watkins Jr.,FA,WR,2024,0.0
4240661,Dazz Newsome,FA,WR,2024,0.0
4428952,Jalen Wydermyer,FA,TE,2024,0.0
3915772,Jared Pinkney,FA,TE,2024,0.0
4035465,Cornell Powell,FA,WR,2024,0.0
3052083,Devon Allen,FA,WR,2024,0.0
4261020,Trenton Cannon,FA,RB,2024,0.0
4259169,Trestan Ebner,FA,RB,2024,0.0
3148929,Sammis Reyes,FA,TE,2024,0.0
2576854,Stephen Anderson,FA,TE,2024,0.0
4039271,Tony Poljan,FA,TE,2024,0.0
3122103,Kendall Blanton,FA,TE,2024,0.0
4379504,Mekhi Sargent,FA,RB,2024,0.0
3126115,Cody Thompson,FA,WR,2024,0.0
3051891,Jordan Wilkins,FA,RB,2024,0.0
4361100,Jack Westover,NE,TE,2024,0.0
3123857,Austin Walter,FA,RB,2024,0.0
4262900,Daylen Baldwin,FA,WR,2024,0.0
4035426,Stephen Sullivan,FA,TE,2024,0.0
4240577,Brandon Smith,NYJ,WR,2024,0.0
4690070,Mitchell Tinsley,CIN,WR,2024,0.0
4037478,Gerrid Doaks,FA,RB,2024,0.0
4034950,Freddie Swain,FA,WR,2024,0.0
4242231,Racey McMath,FA,WR,2024,0.0
4035912,Kwamie Lassiter II,FA,WR,2024,0.0
3047536,David Wells,FA,TE,2024,0.0
4040714,Miller Forristall,FA,TE,2024,0.0
4361778,Kearis Jackson,HOU,WR,2024,0.0
4036275,Sean McKeon,IND,TE,2024,0.0
3126246,Dontrell Hilliard,FA,RB,2024,0.0
3049290,Kevin Rader,FA,TE,2024,0.0
4240432,Sage Surratt,FA,TE,2024,0.0
4411192,Brandon Dillon,FA,TE,2024,0.0
4039253,Trevon Wesco,FA,TE,2024,0.0
3123986,Mike Thomas,FA,WR,2024,0.0
4259976,Josh Ali,FA,WR,2024,0.0
3915823,Keke Coutee,FA,WR,2024,0.0
4427267,Kaylon Geiger,FA,WR,2024,0.0
2972460,Breshad Perriman,FA,WR,2024,0.0
4241224,Abram Smith,FA,RB,2024,0.0
4430681,Jared Wayne,HOU,WR,2024,0.0
4047836,Frank Darby,FA,WR,2024,0.0
3893625,Nick Ralston,FA,RB,2024,0.0
3122449,James Washington,FA,WR,2024,0.0
3085107,Jake Kumerow,FA,WR,2024,0.0
3122899,Richie James,FA,WR,2024,0.0
4294520,Brandon Zylstra,FA,WR,2024,0.0
3915399,Preston Williams,FA,WR,2024,0.0
3115375,Darrel Williams,FA,RB,2024,0.0
4363554,Thomas Odukoya,TEN,TE,2024,0.0
4379405,Jaylen Johnson,LAC,WR,2024,0.0
3932430,Jalen Guyton,FA,WR,2024,0.0
4069817,JaQuan Hardy,FA,RB,2024,0.0
4036448,Jalen Virgil,BUF,WR,2024,0.0
3916749,Giovanni Ricci,NE,TE,2024,0.0
4567216,D.J. Williams,TB,RB,2024,0.0
3932423,Miles Boykin,FA,WR,2024,0.0
3917546,Penny Hart,FA,WR,2024,0.0
2579604,Phillip Dorsett II,ATL,WR,2024,0.0
3040470,Cethan Carter,MIA,TE,2024,0.0
3916564,Tyree Jackson,WSH,TE,2024,0.0
2983209,Chester Rogers,FA,WR,2024,0.0
16786,Richard Rodgers,FA,TE,2024,0.0
2577667,Damiere Byrd,FA,WR,2024,0.0
3115928,Malik Turner,FA,WR,2024,0.0
3919557,Scotty Washington,FA,TE,2024,0.0
4916349,Nikola Kalinic,ATL,TE,2024,0.0
3115314,Cam Sims,FA,WR,2024,0.0
4247812,Lance McCutcheon,PIT,WR,2024,0.0
3915821,Tony Brown,FA,WR,2024,0.0
4911488,Jared Bernhardt,FA,WR,2024,0.0
3052166,Darrell Daniels,FA,TE,2024,0.0
4248822,Montrell Washington,NYG,WR,2024,0.0
4259499,Shi Smith,FA,WR,2024,0.0
3116642,Reggie Bonnafon,FA,RB,2024,0.0
4371974,Seth Williams,DAL,WR,2024,0.0
13226,Andre Roberts,FA,WR,2024,0.0
3918003,Brycen Hopkins,FA,TE,2024,0.0
3121378,Matt Sokol,FA,TE,2024,0.0
2582410,Tyler Kroft,FA,TE,2024,0.0
4689546,Danny Gray,PHI,WR,2024,0.0
4361332,Shedrick Jackson,LV,WR,2024,0.0
3693033,Jacques Patrick,FA,RB,2024,0.0
3071572,Keelan Cole Sr.,FA,WR,2024,0.0
4035826,Demetric Felton,WSH,RB,2024,0.0
4259908,Braylon Sanders,FA,WR,2024,0.0
2971718,Marcus Johnson,FA,WR,2024,0.0
4032247,Raleigh Webb,FA,WR,2024,0.0
3138744,Chris Myarick,FA,TE,2024,0.0
17359,Damien Williams,FA,RB,2024,0.0
4035403,Denzel Mims,FA,WR,2024,0.0
4035170,Marquez Callaway,TB,WR,2024,0.0
4062711,Ethan Fernea,FA,WR,2024,0.0
4239992,Amari Rodgers,FA,WR,2024,0.0
3002265,Dwayne Washington,FA,RB,2024,0.0
15072,Marvin Jones Jr.,FA,WR,2024,0.0
4242369,Matt Bushman,KC,TE,2024,0.0
4241273,Roger Carter Jr.,FA,TE,2024,0.0
14054,Kyle Rudolph,FA,TE,2024,0.0
2998120,Josh Lambo,FA,K,2024,0.0
3925347,Damien Harris,BUF,RB,2024,0.0
4036224,Jake Funk,FA,RB,2024,0.0
4361088,Colson Yankoff,WSH,TE,2024,0.0
4034779,Ko Kieft,TB,TE,2024,0.0
4433970,J.J. McCarthy,MIN,QB,2024,0.0
4426479,Cornelius Johnson,GB,WR,2024,0.0
11387,Matthew Slater,NE,WR,2024,0.0
15168,Case Keenum,HOU,QB,2024,0.0
4373266,Antoine Green,DET,WR,2024,0.0
4259592,Sean Clifford,GB,QB,2024,0.0
4424106,Gunner Olszewski,NYG,WR,2024,0.0
14876,Ryan Tannehill,FA,QB,2024,0.0
13199,Colt McCoy,FA,QB,2024,0.0
3122154,Khari Blasingame,FA,RB,2024,0.0
4685039,Michael Pratt,TB,QB,2024,0.0
4046530,Chris Evans,CIN,RB,2024,0.0
4360306,Justyn Ross,KC,WR,2024,0.0
4036416,Byron Pringle,FA,WR,2024,0.0
3929914,Adam Prentice,NO,RB,2024,0.0
3052117,Phillip Lindsay,FA,RB,2024,0.0
2576925,Darren Waller,NYG,TE,2024,0.0
2576623,DeVante Parker,PHI,WR,2024,0.0
4361665,Christopher Dunn,FA,K,2024,0.0
15349,Cole Beasley,FA,WR,2024,0.0
4401805,Dareke Young,SEA,WR,2024,0.0
3932442,Equanimeous St. Brown,FA,WR,2024,0.0
4427105,Max Duggan,FA,QB,2024,0.0
4367510,Dante Miller,NYG,RB,2024,0.0
3917960,Steven Sims,BAL,WR,2024,0.0
4362162,SaRodorick Thompson Jr.,FA,RB,2024,0.0
4243176,Brady Russell,SEA,TE,2024,0.0
4259147,Jake Tonges,SF,TE,2024,0.0
4241820,Sam Ehlinger,IND,QB,2024,0.0
15920,Latavius Murray,FA,RB,2024,0.0
3128451,Tre'Quan Smith,FA,WR,2024,0.0
4383429,Jacob Saylors,FA,RB,2024,0.0
4046715,Trishton Jackson,ARI,WR,2024,0.0
4362019,A.T. Perry,DEN,WR,2024,0.0
11291,Chad Henne,KC,QB,2024,0.0
4361653,Devin Leary,BAL,QB,2024,0.0
16886,Martavis Bryant,FA,WR,2024,0.0
2574576,C.J. Uzomah,PHI,TE,2024,0.0
4040980,Irv Smith Jr.,HOU,TE,2024,0.0
3120590,Easton Stick,LAC,QB,2024,0.0
12731,Ryan Succop,FA,K,2024,0.0
3128721,Sony Michel,LAR,RB,2024,0.0
4361008,Cole Fotheringham,FA,TE,2024,0.0
4428811,Xavier Weaver,ARI,WR,2024,0.0
3144991,Parker Hesse,FA,TE,2024,0.0
4244688,Nathan Rourke,FA,QB,2024,0.0
16486,Brett Maher,FA,K,2024,0.0
2979843,Kenyan Drake,FA,RB,2024,0.0
3139925,Rashaad Penny,FA,RB,2024,0.0
4569156,Michael Wiley,WSH,RB,2024,0.0
2330,Tom Brady,TB,QB,2024,0.0
2978109,Zach Pascal,FA,WR,2024,0.0
4567095,Keilan Robinson,JAX,RB,2024,0.0
3895785,Ben DiNucci,NO,QB,2024,0.0
4429202,Israel Abanikanda,SF,RB,2024,0.0
4240861,Dalton Keene,HOU,TE,2024,0.0
4239934,AJ Dillon,PHI,RB,2024,0.0
4411193,Deonte Harty,BAL,WR,2024,0.0
2576434,Melvin Gordon III,FA,RB,2024,0.0
4360799,Jordan Travis,NYJ,QB,2024,0.0
2976316,Michael Thomas,FA,WR,2024,0.0
10636,Mason Crosby,FA,K,2024,0.0
3915165,Rodrigo Blankenship,FA,K,2024,0.0
4686781,Brenden Rice,LAC,WR,2024,0.0
4048259,Avery Williams,PHI,RB,2024,0.0
3123075,Braxton Berrios,HOU,WR,2024,0.0
4241822,Chris Naggar,FA,K,2024,0.0
4241410,Jelani Woods,IND,TE,2024,0.0
3916430,Nyheim Hines,FA,RB,2024,0.0
16728,Teddy Bridgewater,DET,QB,2024,0.0
3115364,Leonard Fournette,FA,RB,2024,0.0
4426875,Sam Howell,SEA,QB,2024,0.0
4361259,Zach Wilson,MIA,QB,2024,0.0
13981,Mark Ingram II,FA,RB,2024,0.0
14877,Nick Foles,FA,QB,2024,0.0
3119195,Chase Edmonds,TB,RB,2024,0.0
4430191,Skyy Moore,KC,WR,2024,0.0
4372485,Rondale Moore,FA,WR,2024,0.0
13983,A.J. Green,FA,WR,2024,0.0
11237,Matt Ryan,FA,QB,2024,0.0
3116172,Trace McSorley,FA,QB,2024,0.0
13232,Jimmy Graham,FA,TE,2024,0.0
15705,Josh Gordon,FA,WR,2024,0.0
3886812,Jake Browning,CIN,QB,2024,0.0
14924,T.Y. Hilton,FA,WR,2024,0.0
11283,DeSean Jackson,FA,WR,2024,0.0
4245661,Lucas Havrisik,FA,K,2024,0.0
4431492,Roman Wilson,PIT,WR,2024,0.0
3116136,Justin Jackson,DET,RB,2024,0.0
4036348,Michael Gallup,FA,WR,2024,0.0
4258195,Donovan Peoples-Jones,FA,WR,2024,0.0
2576450,Derek Watt,FA,RB,2024,0.0
3126997,Tom Kennedy,DET,WR,2024,0.0
4241555,Elijah Mitchell,KC,RB,2024,0.0
3135321,Hunter Renfrow,LV,WR,2024,0.0
4569609,Evan Hull,PIT,RB,2024,0.0
4035115,Albert Okwuegbunam Jr.,IND,TE,2024,0.0
2972236,Nathan Peterman,FA,QB,2024,0.0
3915802,Lucky Jackson,MIN,WR,2024,0.0
14053,Randall Cobb,FA,WR,2024,0.0
4046692,Chase Claypool,FA,WR,2024,0.0
3123052,Michael Badgley,DET,K,2024,0.0
4035222,Trayveon Williams,CIN,RB,2024,0.0
9354,Robbie Gould,FA,K,2024,0.0
4366963,Dylan Laube,LV,RB,2024,0.0
3122672,Royce Freeman,FA,RB,2024,0.0
16790,Jarvis Landry,FA,WR,2024,0.0
4429805,Frank Gore Jr.,BUF,RB,2024,0.0
15971,Rex Burkhead,FA,RB,2024,0.0
5208436,Louis Rees-Zammit,JAX,RB,2024,0.0
2508176,David Johnson,FA,RB,2024,0.0
4266790,Ramiz Ahmed,FA,K,2024,0.0
13982,Julio Jones,FA,WR,2024,0.0
4259553,Stetson Bennett,LAR,QB,2024,0.0
4696736,Tanner Brown,FA,K,2024,0.0
16782,Jerick McKinnon,FA,RB,2024,0.0
4046678,Ian Book,FA,QB,2024,0.0
3929636,Irvin Charles,NYJ,WR,2024,0.0
4240603,Malik Davis,DAL,RB,2024,0.0
3115378,Russell Gage,SF,WR,2024,0.0
2979501,Nate Sudfeld,FA,QB,2024,0.0
4035003,Jacob Eason,FA,QB,2024,0.0
3124092,John Wolford,JAX,QB,2024,0.0
3040206,Chris Streveler,FA,QB,2024,0.0
4567506,Tahj Washington,MIA,WR,2024,0.0
16140,Ryan Griffin,FA,QB,2024,0.0
4685035,Zach Evans,NYJ,RB,2024,0.0
12471,Chase Daniel,FA,QB,2024,0.0
4698301,Jermaine Jackson,FA,WR,2024,0.0
4034952,La'Mical Perine,FA,RB,2024,0.0
2577134,Ty Montgomery II,FA,RB,2024,0.0
3115252,Will Grier,DAL,QB,2024,0.0
4047839,N'Keal Harry,FA,TE,2024,0.0
3042749,Logan Woodside,FA,QB,2024,0.0
4240904,Kellen Mond,FA,QB,2024,0.0
3116188,David Blough,FA,QB,2024,0.0
3051308,PJ Walker,FA,QB,2024,0.0
3052600,Davis Webb,FA,QB,2024,0.0
4240750,Mohamed Ibrahim,FA,RB,2024,0.0
4408988,Malik Taylor,NYJ,WR,2024,0.0
4056052,Armani Rogers,FA,TE,2024,0.0
2511109,Trevor Siemian,FA,QB,2024,0.0
4240380,KJ Hamler,BUF,WR,2024,0.0
4240350,Xazavian Valladay,NO,RB,2024,0.0
3125107,Andrew Beck,NYJ,RB,2024,0.0
4371986,Anthony Schwartz,MIA,WR,2024,0.0
4361988,James Mitchell,CAR,TE,2024,0.0
4567246,Snoop Conner,FA,RB,2024,0.0
4052042,James Robinson,FA,RB,2024,0.0
3045260,Corey Clement,FA,RB,2024,0.0
3925346,Derrick Gore,FA,RB,2024,0.0
4384171,Tanner McLachlan,CIN,TE,2024,0.0
4361426,Justin Shorter,LV,TE,2024,0.0
4036032,Brittain Brown,FA,RB,2024,0.0
3128317,Juwann Winfree,IND,WR,2024,0.0
3043080,O.J. Howard,FA,TE,2024,0.0
3045238,Godwin Igwebuike,FA,RB,2024,0.0
4372026,Cameron Latu,PHI,TE,2024,0.0
16725,Sammy Watkins,FA,WR,2024,0.0
3049916,Matt Breida,FA,RB,2024,0.0
3122143,Cullen Gillaspia,FA,RB,2024,0.0
4372526,Deneric Prince,FA,RB,2024,0.0
3914240,Tyler Davis,GB,TE,2024,0.0
4245639,Stanley Berryhill,FA,WR,2024,0.0
3912550,Ronald Jones,FA,RB,2024,0.0
3025433,Mike Davis,FA,RB,2024,0.0
4250969,Rodney Williams,FA,TE,2024,0.0
4241205,Larry Rountree III,FA,RB,2024,0.0
16763,Jordan Matthews,CAR,TE,2024,0.0
3051889,Laquon Treadwell,IND,WR,2024,0.0
4689988,Jason Brownlee,KC,WR,2024,0.0
2969962,Duke Johnson,FA,RB,2024,0.0
4249624,Nick Muse,PHI,TE,2024,0.0
3912092,Donald Parham Jr.,PIT,TE,2024,0.0
4243315,Salvon Ahmed,IND,RB,2024,0.0
4039359,Darrell Henderson Jr.,FA,RB,2024,0.0
3139605,Marlon Mack,FA,RB,2024,0.0
3675812,Bryce Perkins,FA,QB,2024,0.0
4040628,Binjimen Victor,FA,WR,2024,0.0
4361435,Carson Strong,FA,QB,2024,0.0
4570674,Kevin Harris,FA,RB,2024,0.0
3060022,Jordan Howard,FA,RB,2024,0.0
4046164,Alex Kessman,FA,K,2024,0.0
3932144,Jacob Harris,FA,WR,2024,0.0
4036146,Caleb Shudak,FA,K,2024,0.0
4035072,Benny Snell Jr.,FA,RB,2024,0.0
4569390,Jonathan Garibay,FA,K,2024,0.0
3894912,Tyron Billy-Johnson,FA,WR,2024,0.0
3119317,Nsimba Webster,CHI,WR,2024,0.0
4685016,Ellis Merriweather,FA,RB,2024,0.0
4240689,Jake Fromm,DET,QB,2024,0.0
4875912,Tejhaun Palmer,ARI,WR,2024,0.0
3914307,Maurice Alexander,CHI,WR,2024,0.0
3051439,Boston Scott,FA,RB,2024,0.0
3919602,Matt Ammendola,FA,K,2024,0.0
4373632,Jaren Hall,SEA,QB,2024,0.0
2974858,Kenny Golladay,FA,WR,2024,0.0
2576581,Chris Moore,WSH,WR,2024,0.0
4240023,Tre' McKitty,CLE,TE,2024,0.0
3722362,Brett Rypien,MIN,QB,2024,0.0
4039034,Shane Buechele,BUF,QB,2024,0.0
2574630,Jeff Driskel,WSH,QB,2024,0.0
4035312,Anthony Brown Jr.,FA,QB,2024,0.0
3915381,John Kelly Jr.,CLE,RB,2024,0.0
16813,Logan Thomas,FA,TE,2024,0.0
15091,Randy Bullock,FA,K,2024,0.0
4362020,Nick Sciba,FA,K,2024,0.0
4361417,Zack Kuntz,NYJ,TE,2024,0.0
4033806,James McCourt,FA,K,2024,0.0
4046184,Brian Johnson,FA,K,2024,0.0
3042778,Corey Davis,NYJ,WR,2024,0.0
4362489,John Stephens Jr.,DAL,TE,2024,0.0
4374045,Teagan Quitoriano,HOU,TE,2024,0.0
4430388,DeWayne McBride,FA,RB,2024,0.0
15826,Giovani Bernard,FA,RB,2024,0.0
2979520,C.J. Beathard,JAX,QB,2024,0.0
4050373,Quez Watkins,ARI,WR,2024,0.0
3115349,Jakob Johnson,FA,RB,2024,0.0
12477,Brian Hoyer,LV,QB,2024,0.0
15948,Matt Barkley,FA,QB,2024,0.0
2979477,Tevin Coleman,FA,RB,2024,0.0
4363551,Dylan Drummond,ATL,WR,2024,0.0
4242442,Princeton Fant,DAL,TE,2024,0.0
4360794,Henry Pearson,FA,TE,2024,0.0
16810,AJ McCarron,CIN,QB,2024,0.0
2578718,Taylor Bertolet,FA,K,2024,0.0
4249616,Owen Wright,BAL,RB,2024,0.0
2975674,Robert Tonyan,KC,TE,2024,0.0
4362874,Matt Corral,FA,QB,2024,0.0
3128724,Isaiah McKenzie,FA,WR,2024,0.0
4249030,D.J. Montgomery,IND,WR,2024,0.0
4362087,Keaontay Ingram,KC,RB,2024,0.0
4036595,Josh Pederson,FA,TE,2024,0.0
13987,Blaine Gabbert,FA,QB,2024,0.0
4046532,Quinn Nordin,FA,K,2024,0.0
4426891,Isaiah Spiller,LV,RB,2024,0.0
3127313,Tristan Vizcaino,FA,K,2024,0.0
3932960,Dominik Eberle,FA,K,2024,0.0
5065495,Kaden Davis,CLE,WR,2024,0.0
